customer_id,issue_type,resolution_time_hours,ticket_date
3655-SNQYZ,General,13.6,2022-07-27
4622-YNKIJ,General,38.7,2022-03-13
1960-UOTYM,Technical,49.2,2022-11-08
1000-AJSLD,General,1.1,2022-12-05
6502-MJQAE,Technical,7.4,2022-05-27
3462-BJQQA,Billing,51.6,2022-07-23
1837-YQUCE,General,11.8,2022-12-15
3566-CAAYU,Billing,7.8,2022-05-13
3285-UCQVC,Billing,7.6,2022-10-09
1730-ZMAME,Billing,11.3,2022-03-19
0810-BDHAW,General,6.7,2022-04-07
1976-CFOCS,Billing,0.1,2022-06-12
6728-CZFEI,Billing,4.5,2022-11-27
3981-QSVQI,Billing,51.4,2022-07-15
9972-EWRJS,Technical,1.9,2022-04-26
2133-TSRRM,Billing,12.8,2022-06-10
4644-OBGFZ,Technical,14.6,2022-09-12
7544-ZVIKX,General,36.1,2022-03-11
5134-IKDAY,Billing,7.0,2022-07-21
0655-YDGFJ,General,8.9,2022-02-05
5919-TMRGD,Billing,0.3,2022-11-01
0666-UXTJO,Billing,56.0,2022-08-06
3331-HQDTW,Technical,27.8,2022-11-05
5918-VUKWP,General,7.3,2022-07-16
3729-OWRVL,Billing,52.4,2022-12-02
8966-SNIZF,Technical,2.2,2022-11-23
0129-QMPDR,Billing,11.0,2022-07-11
8039-ACLPL,Technical,19.9,2022-10-04
0637-YLETY,Technical,16.9,2022-10-18
5777-KJIRB,Billing,25.5,2022-03-27
2931-XIQBR,Technical,8.5,2022-01-22
3976-BWUCK,Billing,34.0,2022-05-14
3768-NLUBH,Technical,12.5,2022-06-10
0607-DAAHE,Technical,3.2,2022-10-22
0877-SDMBN,Technical,32.4,2022-02-12
2956-GGUCQ,Billing,58.3,2022-02-10
6712-OAWRH,Billing,10.9,2022-10-18
1785-BPHTP,General,21.4,2022-10-07
7851-FLGGQ,General,27.9,2022-07-02
8984-EYLLL,Technical,42.7,2022-09-09
1642-HMARX,Technical,5.3,2022-12-26
7029-RPUAV,Technical,20.3,2022-02-09
2294-SALNE,Billing,32.4,2022-03-28
7109-MFBYV,Billing,5.3,2022-08-13
1206-EHBDD,Technical,15.3,2022-10-12
4951-UKAAQ,Billing,15.0,2022-05-18
1074-AMIOH,General,43.9,2022-12-01
7208-PSIHR,Billing,36.0,2022-05-18
4178-EGMON,Technical,6.3,2022-03-05
7743-EXURX,Technical,6.4,2022-04-27
5345-BMKWB,Billing,30.8,2022-04-08
6599-SFQVE,Technical,32.3,2022-05-26
9373-WSLOY,Technical,4.7,2022-03-26
1785-BPHTP,Billing,12.7,2022-02-20
8749-JMNKX,Technical,41.9,2022-04-05
1395-OFUWC,Billing,2.0,2022-10-05
9668-PUGNU,Technical,11.2,2022-01-09
2988-GBIVW,Billing,24.8,2022-12-13
3308-MHOOC,Technical,35.4,2022-03-30
1845-CSBRZ,Billing,25.4,2022-03-30
0932-YIXYU,Technical,12.2,2022-08-07
4007-NHVHI,Technical,115.7,2022-11-26
3301-VKTGC,Technical,1.0,2022-12-16
9426-SXNHE,General,16.4,2022-10-13
3806-YAZOV,Billing,17.1,2022-06-10
8219-VYBVI,General,6.6,2022-02-12
3694-GLTJM,Billing,19.6,2022-09-03
4328-VUFWD,Billing,6.0,2022-09-15
4422-QVIJA,Billing,14.1,2022-12-09
6766-HFKLA,Technical,13.6,2022-06-08
2085-BOJKI,General,35.6,2022-05-12
6959-GQEGV,General,68.6,2022-02-16
8019-ENHXU,Billing,5.4,2022-12-06
2232-DMLXU,Billing,114.5,2022-03-30
2332-TODQS,Technical,67.6,2022-02-14
6211-WHMYA,General,2.9,2022-11-17
4947-DSMXK,Billing,58.4,2022-07-13
9279-CJEOJ,General,20.0,2022-01-06
0148-DCDOS,Technical,50.7,2022-09-20
9143-CANJF,Technical,69.9,2022-07-15
4187-CINZD,Billing,47.0,2022-01-18
5549-ZGHFB,General,12.4,2022-10-24
6215-NQCPY,General,24.3,2022-04-17
0661-KQHNK,Billing,15.0,2022-03-10
2669-OIDSD,Billing,11.0,2022-01-25
3771-PZOBW,General,6.9,2022-02-25
6461-SZMCV,Billing,14.0,2022-01-01
8922-LIEGH,Billing,39.4,2022-07-02
8189-XRIKE,Billing,44.6,2022-02-23
8749-CLJXC,Technical,76.1,2022-03-22
0917-EZOLA,Billing,8.2,2022-06-09
6345-ULYRW,Billing,25.2,2022-08-14
3055-OYMSE,Billing,28.4,2022-09-21
4578-PHJYZ,Billing,5.1,2022-04-19
7739-LAXOG,Technical,11.0,2022-11-05
8755-OGKNA,Billing,10.1,2022-02-13
6705-LNMDD,General,102.3,2022-07-20
2466-FCCPT,Billing,76.3,2022-10-11
1930-WNXSB,Technical,41.4,2022-05-27
0887-WBJVH,Technical,15.4,2022-07-18
6847-KJLTS,Billing,7.4,2022-08-22
3934-HXCFZ,Technical,59.4,2022-07-03
2509-TFPJU,General,7.5,2022-02-04
6994-KERXL,Technical,17.7,2022-07-28
9018-PCIOK,Billing,6.7,2022-12-26
5133-POWUA,Technical,85.2,2022-03-04
8069-YQQAJ,Technical,1.0,2022-03-23
3705-PSNGL,Technical,4.6,2022-09-20
5626-MGTUK,General,34.8,2022-09-12
2122-SZZZD,Technical,3.9,2022-02-08
4369-NYSCF,Billing,93.1,2022-10-13
5651-YLPRD,Billing,9.3,2022-01-23
2749-CTKAJ,Billing,60.2,2022-03-25
8086-OVPWV,Technical,26.1,2022-10-30
3521-MNKLV,Billing,24.1,2022-07-25
8434-VGEQQ,Billing,59.3,2022-04-05
8413-VONUO,General,17.3,2022-03-04
9220-ZNKJI,Billing,12.3,2022-05-17
7874-ECPQJ,Billing,5.9,2022-05-31
6728-WYQBC,Billing,3.7,2022-04-27
3192-NQECA,Billing,37.7,2022-07-10
3761-FLYZI,Billing,3.3,2022-07-21
4855-SNKMY,General,12.0,2022-09-07
8490-BXHEO,General,12.6,2022-03-28
5832-TRLPB,Billing,26.2,2022-03-15
5844-QVTAT,Technical,7.8,2022-11-18
3426-NIYYL,Technical,43.7,2022-02-06
4199-QHJNM,Billing,5.6,2022-05-05
3521-MNKLV,Billing,37.4,2022-06-15
4690-PKDQG,General,45.5,2022-01-01
3800-LYTRK,Technical,5.2,2022-12-04
2812-SFXMJ,Billing,39.8,2022-10-18
1498-NHTLT,Technical,30.0,2022-03-12
0093-XWZFY,Technical,49.8,2022-04-18
2000-MPKCA,Billing,17.1,2022-03-27
4652-ODEVH,Billing,6.4,2022-06-30
9334-GWGOW,Billing,58.3,2022-01-25
6614-FHDBO,Billing,37.5,2022-10-25
2568-BRGYX,General,0.5,2022-05-31
4832-VRBMR,Billing,67.3,2022-09-22
0463-WZZKO,Technical,71.2,2022-07-22
2569-WGERO,General,10.5,2022-02-20
1099-GODLO,Billing,0.2,2022-08-08
7409-KIUTL,Billing,19.3,2022-02-26
2511-ALLCS,General,58.8,2022-03-23
1156-ZFYDO,General,3.2,2022-06-13
0895-LMRSF,Technical,21.4,2022-09-26
5269-NRGDP,Technical,31.6,2022-07-02
8559-WNQZS,Billing,3.5,2022-06-29
0430-IHCDJ,Technical,17.3,2022-10-11
8313-KTIHG,Technical,2.2,2022-03-27
4537-DKTAL,Billing,19.6,2022-04-21
5312-UXESG,Billing,14.0,2022-06-07
5141-ZUVBH,Billing,7.4,2022-02-14
7410-KTVFV,Billing,46.0,2022-02-07
1452-XRSJV,General,11.5,2022-01-20
4237-RLAQD,Technical,28.9,2022-04-07
2761-XECQW,Billing,37.5,2022-12-24
7568-PODML,General,4.7,2022-02-28
5820-PTRYM,Billing,3.0,2022-08-12
7876-AEHIG,General,0.2,2022-10-25
3085-QUOZK,Technical,8.8,2022-07-08
7703-ZEKEF,General,40.6,2022-02-28
1777-JYQPJ,Billing,35.6,2022-01-08
2165-VOEGB,Billing,49.3,2022-11-09
9987-LUTYD,Billing,34.3,2022-04-12
8947-YRTDV,Billing,0.6,2022-12-06
5081-NWSUP,Technical,11.7,2022-01-21
9441-QHEVC,Billing,0.1,2022-11-01
1535-VTJOQ,Technical,0.9,2022-08-04
9174-FKWZE,Technical,15.6,2022-11-06
4860-IJUDE,Billing,10.7,2022-08-19
6988-CJEYV,Billing,19.6,2022-08-24
0754-UKWQP,General,1.6,2022-05-31
1172-VIYBP,Billing,21.3,2022-03-09
4139-DETXS,Billing,1.6,2022-02-15
2208-NQBCT,Technical,13.2,2022-08-10
2253-KPMNB,Technical,10.4,2022-08-28
9974-JFBHQ,Technical,6.1,2022-06-05
2959-FENLU,General,9.0,2022-04-05
1432-FPAXX,General,0.0,2022-04-07
0244-LGNFY,Billing,9.4,2022-11-02
3472-QPRCH,Billing,2.0,2022-03-24
8384-FZBJK,Technical,61.0,2022-09-02
7739-LAXOG,Technical,1.9,2022-03-04
8017-UVSZU,Technical,73.4,2022-01-10
5577-OTWWW,Technical,16.2,2022-03-30
1077-HUUJM,Technical,17.3,2022-06-14
0396-HUJBP,Billing,37.2,2022-11-22
6211-WWLTF,General,28.5,2022-10-13
6776-TLWOI,Billing,6.5,2022-08-03
2045-BMBTJ,General,0.6,2022-12-02
2969-QWUBZ,Technical,36.2,2022-03-13
0799-DDIHE,Technical,3.3,2022-07-27
9938-ZREHM,Billing,21.9,2022-05-19
5035-PGZXH,Billing,68.6,2022-09-03
5781-RFZRP,General,19.1,2022-05-09
9065-ZCPQX,Billing,8.1,2022-04-10
3945-GFWQL,Billing,4.7,2022-01-11
3678-MNGZX,Billing,0.7,2022-12-06
5315-CKEQK,Billing,23.4,2022-06-25
2043-WVTQJ,Billing,19.6,2022-11-13
6365-HITVU,Billing,14.9,2022-12-23
6253-GNHWH,Technical,5.2,2022-11-12
3765-JXVKY,Technical,6.5,2022-05-30
5993-BQHEA,General,76.4,2022-03-16
8668-KNZTI,Billing,0.5,2022-04-09
8727-JQFHV,Billing,10.8,2022-09-22
8327-LZKAS,Billing,1.0,2022-08-31
7760-OYPDY,Technical,5.1,2022-03-24
4018-PPNDW,Billing,64.9,2022-10-20
6202-JVYEU,Technical,3.9,2022-03-11
3518-PZXZQ,Billing,22.0,2022-08-16
2150-OEGBV,Billing,10.2,2022-06-21
2379-ENZGV,Billing,24.1,2022-05-11
7434-SHXLS,General,45.9,2022-01-10
8417-FMLZI,Billing,8.1,2022-02-25
6253-GNHWH,General,2.0,2022-02-02
2782-LFZVW,General,5.5,2022-09-01
3721-CNEYS,Billing,13.9,2022-08-14
6077-BDPXA,General,17.4,2022-08-16
5524-KHNJP,Billing,68.3,2022-09-02
4006-HKYHO,Billing,0.4,2022-04-13
0348-SDKOL,Billing,34.0,2022-07-16
1000-AJSLD,Billing,1.8,2022-10-28
4106-HADHQ,Billing,1.9,2022-11-09
5364-EVNIB,Billing,25.5,2022-07-28
2832-SCUCO,Billing,57.5,2022-07-11
2226-ICFDO,Technical,8.1,2022-05-07
9711-FJTBX,Billing,7.5,2022-01-10
7909-FIOIY,Billing,23.1,2022-11-26
0829-XXPLX,Technical,35.9,2022-03-07
2560-QTSBS,Technical,48.8,2022-12-24
7018-FPXHH,Technical,6.9,2022-12-07
7270-BDIOA,General,32.3,2022-06-07
1335-MXCSE,Technical,8.8,2022-09-13
2080-SRCDE,Technical,18.9,2022-12-04
8623-TMRBY,Billing,5.1,2022-02-04
0422-UXFAP,Billing,3.8,2022-11-05
7055-VKGDA,Technical,65.7,2022-06-16
6894-LFHLY,Technical,19.0,2022-01-22
8268-YDIXR,Technical,0.1,2022-03-08
3278-FSIXX,Technical,37.9,2022-07-17
0771-WLCLA,Technical,28.2,2022-04-10
8625-AZYZY,Billing,9.5,2022-12-02
4106-HADHQ,Billing,15.0,2022-07-14
4104-PVRPS,Technical,14.3,2022-04-10
9359-JANWS,Technical,7.7,2022-03-16
2691-NZETQ,Billing,94.6,2022-01-17
1268-ASBGA,General,18.8,2022-05-27
8849-AYPTR,General,54.6,2022-09-07
5868-YTYKS,Technical,21.1,2022-09-12
5792-JALQC,Billing,28.1,2022-07-07
9261-WDCAF,Billing,0.7,2022-11-24
7044-YAACC,Billing,17.2,2022-12-12
7114-AEOZE,Technical,30.7,2022-08-28
8871-JLMHM,Billing,3.1,2022-11-03
2654-VBVPB,Billing,27.2,2022-06-25
7661-CPURM,Technical,2.1,2022-11-09
9767-FFLEM,General,39.5,2022-02-01
5792-JALQC,Technical,91.4,2022-12-01
7801-KICAO,General,23.7,2022-05-02
8718-PTMEZ,General,1.9,2022-11-20
6094-ZIVKX,Billing,21.2,2022-01-28
8043-PNYSD,Technical,32.4,2022-07-08
1513-XNPPH,Billing,64.9,2022-11-29
0298-XACET,Billing,1.1,2022-05-20
6908-VVYHM,Billing,35.8,2022-09-28
6840-RESVB,Billing,3.4,2022-10-12
9798-DRYDS,General,37.5,2022-12-09
2235-ZGKPT,General,52.7,2022-09-26
6615-ZGEDR,Billing,47.4,2022-10-21
3160-TYXLT,Billing,25.4,2022-07-05
5176-LDKUH,Billing,16.7,2022-04-20
3620-MWJNE,Technical,49.8,2022-09-12
8224-UAXBZ,Billing,17.6,2022-02-04
9281-PKKZE,Technical,5.1,2022-11-28
2657-VPXTA,Billing,68.7,2022-08-10
7801-CEDNV,Billing,11.2,2022-04-20
2072-ZVJJX,Technical,23.5,2022-09-18
5914-DVBWJ,General,5.3,2022-01-02
9565-DJPIB,General,2.8,2022-08-22
8393-JMVMB,Technical,19.2,2022-10-13
2522-WLNSF,Billing,19.4,2022-04-09
1644-IRKSF,Technical,11.1,2022-04-29
8898-KASCD,General,9.0,2022-01-10
6906-MPARY,Billing,11.2,2022-03-14
0354-WYROK,General,38.1,2022-07-28
5641-DMBFJ,Billing,10.6,2022-05-04
7776-QGYJC,Technical,61.0,2022-02-07
1626-ERCMM,Billing,2.9,2022-04-04
6908-VVYHM,Technical,64.4,2022-08-21
4237-RLAQD,Billing,28.1,2022-06-12
6769-DYBQN,Billing,10.1,2022-11-23
3173-NVMPX,Technical,0.2,2022-05-20
1298-PHBTI,Billing,38.9,2022-08-30
6696-YDAYZ,General,83.6,2022-06-19
6987-XQSJT,Billing,97.0,2022-04-08
4510-HIMLV,General,13.2,2022-03-08
4227-OJHAL,Billing,1.8,2022-10-16
4013-UBXWQ,Technical,9.0,2022-04-14
4729-XKASR,General,8.9,2022-05-21
8854-CCVSQ,Technical,2.6,2022-07-22
8999-XXGNS,General,17.9,2022-10-17
3597-MVHJT,Technical,22.3,2022-11-02
8676-TRMJS,Billing,31.3,2022-05-17
7797-EJMDP,Technical,1.3,2022-09-20
9531-NSBMR,General,7.7,2022-04-16
3943-KDREE,General,10.5,2022-05-10
8981-FJGLA,Technical,53.5,2022-09-18
9060-HJJRW,Billing,55.6,2022-04-23
5649-TJHOV,Billing,7.2,2022-11-18
8388-FYNPZ,Billing,16.0,2022-04-26
8241-JUIQO,Billing,13.3,2022-05-18
7511-YMXVQ,Billing,18.0,2022-06-10
2995-YWTCD,General,8.1,2022-04-18
7379-POKDZ,Billing,14.9,2022-09-05
5982-XMDEX,Technical,3.8,2022-05-14
8756-RDDLT,Billing,29.7,2022-01-14
5321-NTRKC,Technical,11.1,2022-03-19
1849-RJYIG,Billing,18.8,2022-09-28
0824-VWDPO,Billing,22.3,2022-08-13
9102-IAYHT,Technical,43.5,2022-05-01
6762-NSODU,Billing,2.0,2022-08-11
5976-JCJRH,Billing,15.8,2022-07-28
7032-LMBHI,General,53.9,2022-08-28
2243-FNMMI,Billing,9.6,2022-01-21
9830-ECLEN,General,14.1,2022-10-12
2017-CCBLH,Technical,2.1,2022-11-25
0623-GDISB,Technical,33.3,2022-04-03
6199-IPCAO,Billing,2.1,2022-09-12
1371-OJCEK,Technical,23.9,2022-06-11
8710-YGLWG,Technical,11.3,2022-10-30
8404-FYDIB,Technical,9.9,2022-09-09
5126-RCXYW,Billing,21.1,2022-09-22
8138-EALND,Technical,20.1,2022-07-07
9139-WQQDY,General,12.5,2022-04-22
4070-OKWVH,Billing,7.8,2022-01-30
6844-DZKRF,General,17.0,2022-09-30
7996-BPXHY,Billing,7.5,2022-11-11
2189-WWOEW,Billing,2.6,2022-06-17
7102-JJVTX,Billing,38.5,2022-04-06
2123-VSCOT,Billing,29.1,2022-05-15
0486-HECZI,Billing,2.1,2022-02-07
8496-EJAUI,Billing,4.3,2022-10-15
2933-FILNV,Billing,2.5,2022-03-10
0774-IFUVM,Billing,37.5,2022-08-22
6407-UTSLV,Billing,35.6,2022-03-08
1589-AGTLK,Billing,12.6,2022-02-25
2108-GLPQB,General,41.3,2022-10-03
1623-NLDOT,General,87.6,2022-07-11
1794-HBQTJ,General,84.5,2022-04-30
5175-WLYXL,Billing,94.9,2022-01-11
4774-HHGGS,Billing,45.0,2022-05-26
8879-ZKJOF,Billing,5.9,2022-01-14
7101-HRBLJ,Billing,1.4,2022-02-03
3022-BEXHZ,General,40.1,2022-07-23
0235-KGSLC,General,8.9,2022-03-27
9473-CBZOP,Billing,9.9,2022-06-03
2167-FQSTQ,Billing,1.8,2022-06-19
2908-ZTPNF,General,30.1,2022-06-16
8731-WBBMB,Technical,13.5,2022-07-04
3737-XBQDD,Billing,5.5,2022-11-02
7926-IJOOU,Billing,25.4,2022-04-23
7277-KAMWT,Technical,93.7,2022-05-24
1998-VHJHK,Billing,16.6,2022-11-14
7994-XIRTR,General,22.4,2022-12-20
2485-ITVKB,Billing,4.3,2022-07-30
4830-FAXFM,Billing,4.2,2022-07-10
0530-IJVDB,Billing,14.7,2022-10-13
5299-SJCZT,Billing,44.7,2022-07-01
0298-XACET,Technical,57.6,2022-06-04
3082-VQXNH,Billing,24.6,2022-12-08
3727-JEZTU,Billing,10.7,2022-07-11
7596-LDUXP,Technical,33.3,2022-03-22
9091-WTUUY,Billing,8.3,2022-12-01
6175-IRFIT,Billing,5.9,2022-11-28
5067-DGXLL,Billing,38.1,2022-02-18
4973-RLZVI,Billing,33.4,2022-10-31
0835-DUUIQ,Technical,51.3,2022-02-24
9710-ZUSHQ,Billing,20.6,2022-12-02
5309-TAIKL,Technical,54.5,2022-03-08
3990-QYKBE,Technical,0.6,2022-04-25
0036-IHMOT,Technical,7.0,2022-04-22
5130-YPIRV,General,39.2,2022-06-08
5600-KTXFM,Billing,13.2,2022-04-17
8624-GIOUT,Technical,6.6,2022-01-26
7954-MLBUN,General,38.2,2022-04-20
6729-FZWSY,General,41.5,2022-03-07
5546-QUERU,Technical,14.6,2022-07-24
9314-QDMDW,Billing,15.1,2022-04-11
9753-OYLBX,Billing,36.4,2022-07-25
4299-OPXEJ,Billing,35.4,2022-01-01
9700-ZCLOT,General,48.3,2022-08-12
5788-YPOEG,Technical,24.9,2022-03-11
3133-PZNSR,Technical,4.9,2022-05-30
4273-MBHYA,Technical,19.1,2022-08-03
2073-QBVBI,Billing,11.6,2022-11-06
3662-FXJFO,Billing,0.7,2022-05-22
9953-ZMKSM,General,5.3,2022-01-14
8645-KOMJQ,Technical,5.5,2022-07-18
6229-LSCKB,Technical,2.1,2022-01-19
4228-ZGYUW,Billing,14.5,2022-11-11
5928-QLDHB,Billing,17.0,2022-05-30
5046-NUHWD,Billing,10.0,2022-09-19
6620-JDYNW,Billing,12.8,2022-11-15
6683-VLCTZ,Billing,19.1,2022-11-29
9780-FKVVF,Billing,3.1,2022-03-15
2669-QVCRG,Billing,19.8,2022-12-17
5122-CYFXA,Billing,29.7,2022-09-23
0916-QOFDP,Technical,49.9,2022-10-20
6599-GZWCM,General,8.6,2022-05-25
1282-IHQAC,Billing,33.0,2022-05-13
3452-GWUIN,Billing,22.4,2022-05-28
8388-DMKAE,Technical,16.8,2022-03-20
2085-JVGAD,General,60.5,2022-11-05
7912-SYRQT,Technical,23.2,2022-08-03
1699-TLDLZ,Technical,10.9,2022-02-02
1530-ZTDOZ,Billing,30.0,2022-07-13
9294-TDIPC,General,77.2,2022-06-27
6108-OQZDQ,General,60.1,2022-10-15
6338-AVWCY,Technical,94.2,2022-12-01
7868-BGSZA,General,2.4,2022-07-20
3061-BCKYI,Billing,14.1,2022-01-03
8659-HDIYE,Billing,13.6,2022-02-22
9779-DPNEJ,Billing,11.6,2022-09-15
5396-IZEPB,Billing,4.7,2022-05-01
8617-ENBDS,General,42.8,2022-05-30
6502-KUGLL,Technical,26.8,2022-06-02
2656-FMOKZ,Technical,22.4,2022-08-05
9581-GVBXT,Billing,14.2,2022-05-15
2220-IAHLS,Technical,11.8,2022-09-13
1661-CZBAU,Billing,37.1,2022-03-03
6633-SYEUS,Billing,18.0,2022-10-14
4690-PKDQG,Technical,22.5,2022-03-04
8741-LQOBK,Billing,2.5,2022-10-20
5276-KQWHG,General,15.3,2022-03-09
1550-LOAHA,Billing,3.4,2022-08-13
8067-NIOYM,Billing,1.3,2022-12-01
6331-EWIEB,General,28.1,2022-05-17
1335-NTIUC,Billing,7.7,2022-02-15
2105-PHWON,Billing,80.5,2022-04-05
2999-AANRQ,Billing,22.3,2022-10-17
3272-VUHPV,Billing,24.9,2022-12-30
5699-BNCAS,Billing,5.3,2022-09-04
4741-WWJQZ,General,3.3,2022-11-12
1527-SXDPN,General,17.9,2022-10-19
3049-SOLAY,Technical,62.3,2022-08-02
3170-GWYKC,Billing,1.4,2022-09-13
2626-URJFX,General,17.0,2022-02-17
3525-DVKFN,Technical,5.3,2022-04-03
7622-NXQZR,General,36.6,2022-01-06
4111-BNXIF,Technical,27.5,2022-07-12
5600-PDUJF,General,2.5,2022-04-13
0733-VUNUW,General,23.0,2022-03-15
6181-AXXYF,General,98.7,2022-03-15
3569-VLDHH,Billing,18.0,2022-04-23
2675-OTVVJ,Billing,8.1,2022-06-01
1960-UYCNN,Technical,4.0,2022-09-20
5939-SXWHM,Billing,109.7,2022-03-27
6999-CHVCF,Billing,19.9,2022-02-27
2277-AXSDC,General,11.3,2022-05-29
2257-BOVXD,Billing,5.8,2022-08-02
8125-QPFJD,Billing,72.0,2022-10-27
4083-EUGRJ,Billing,23.7,2022-10-08
9866-QEVEE,Billing,1.4,2022-04-05
0411-EZJZE,Technical,1.5,2022-07-27
8746-BFOAJ,General,67.3,2022-05-23
4355-CVPVS,Technical,29.7,2022-03-24
7602-MVRMB,Billing,2.6,2022-02-21
4683-WYDOU,Billing,23.5,2022-01-17
6302-JGYRJ,Billing,13.0,2022-08-06
4892-VLANZ,Billing,37.3,2022-08-16
8079-XRJRS,Technical,7.7,2022-10-19
5073-WXOYN,Billing,11.6,2022-07-20
0875-CABNR,Billing,4.4,2022-03-23
2805-EDJPQ,Billing,7.0,2022-05-08
8967-SZQAS,Billing,5.0,2022-03-21
5998-DZLYR,General,0.6,2022-07-08
3746-EUBYR,Billing,1.1,2022-06-05
4486-EFAEB,Billing,43.3,2022-11-12
7339-POGZN,Billing,39.1,2022-06-09
0023-HGHWL,Billing,3.6,2022-08-30
1493-AMTIE,Billing,26.5,2022-11-10
1545-ACTAS,Technical,32.9,2022-03-23
7696-AMHOD,Technical,1.3,2022-02-13
2014-MKGMH,Billing,2.2,2022-06-11
2189-UXTKY,Billing,19.9,2022-08-09
8809-XKHMD,General,11.2,2022-05-29
4307-KWMXE,Technical,28.8,2022-05-04
4622-YNKIJ,Billing,19.6,2022-01-01
0635-WKOLD,Billing,0.8,2022-07-02
0988-JRWWP,Billing,27.6,2022-07-27
4544-RXFMG,Technical,5.5,2022-04-07
1090-ESELR,General,9.0,2022-01-21
6350-XFYGW,Technical,32.0,2022-12-21
2862-PFNIK,Billing,35.4,2022-08-11
6419-ZTTLE,Technical,10.2,2022-02-17
9631-XEYKE,General,2.2,2022-02-01
0811-GSDTP,Billing,35.2,2022-10-15
1501-SGHBW,General,49.0,2022-05-10
8868-WOZGU,Technical,80.0,2022-10-05
1704-NRWYE,Billing,9.2,2022-09-02
4819-HJPIW,Billing,3.2,2022-02-21
4513-CXYIX,Billing,66.6,2022-07-28
8819-ZBYNA,Technical,12.3,2022-12-18
6766-HFKLA,Technical,2.4,2022-08-18
7703-ZEKEF,Billing,16.6,2022-07-05
9822-OAOVB,Billing,5.1,2022-06-11
7928-VJYAB,General,10.5,2022-07-18
0856-NAOES,Billing,9.3,2022-10-06
5712-PTIWW,Billing,104.8,2022-02-02
0570-BFQHT,Billing,24.5,2022-01-19
2674-MIAHT,Billing,16.2,2022-05-01
2081-KJSQF,General,17.3,2022-03-10
5287-QWLKY,Billing,22.2,2022-10-20
0455-ENTCR,Billing,49.5,2022-08-03
2874-YXVVA,Technical,3.8,2022-05-03
6941-PMGEP,Technical,22.0,2022-10-07
9150-HEPMB,Billing,9.3,2022-02-23
3957-LXOLK,Billing,20.3,2022-01-21
6229-LSCKB,Billing,17.5,2022-04-07
3085-QUOZK,General,0.7,2022-12-12
1728-BQDMA,Technical,21.0,2022-05-18
8395-ETZKQ,General,29.6,2022-02-11
2361-FJWNO,Billing,6.8,2022-09-03
8802-UNOJF,Billing,2.7,2022-01-28
7094-MSZAO,Technical,5.7,2022-02-27
7673-LPRNY,Billing,24.3,2022-05-07
6859-QNXIQ,Technical,15.2,2022-09-20
6705-LXORM,Billing,48.1,2022-05-24
6101-IMRMM,Billing,8.1,2022-04-03
6416-TVAIH,Technical,10.9,2022-02-04
0665-XHDJU,Billing,18.0,2022-04-02
3935-TBRZZ,General,14.8,2022-09-20
2207-NHRJK,General,19.0,2022-01-14
3470-BTGQO,Technical,9.0,2022-11-11
6988-CJEYV,Billing,4.4,2022-11-14
9644-UMGQA,Technical,39.0,2022-07-21
7801-CEDNV,Billing,1.0,2022-11-18
9699-UBQFS,Billing,11.1,2022-10-05
8388-DMKAE,Technical,2.2,2022-05-24
9575-IWCAZ,Technical,32.0,2022-12-21
0082-OQIQY,General,10.9,2022-10-26
5995-OIGLP,General,0.7,2022-12-19
7021-XSNYE,General,1.9,2022-12-20
3511-BFTJW,General,5.3,2022-09-02
9779-DPNEJ,Billing,37.1,2022-01-12
4636-JGAAI,Billing,38.5,2022-03-12
2458-EOMRE,Billing,136.5,2022-07-03
2625-TRCZQ,Technical,6.6,2022-04-14
0495-RVCBF,Technical,1.5,2022-01-11
8079-XRJRS,Technical,8.0,2022-07-27
6166-ILMNY,General,4.7,2022-08-13
2057-BOYKM,Billing,29.7,2022-11-13
1379-FRVEB,Billing,83.6,2022-09-30
0840-DCNZE,Billing,7.7,2022-02-23
0771-CHWSK,General,9.6,2022-06-22
8785-CJSHH,Billing,10.4,2022-09-04
8073-IJDCM,General,46.7,2022-06-02
0733-VUNUW,General,20.7,2022-04-16
6302-JGYRJ,Billing,87.6,2022-06-08
9257-AZMTZ,General,23.7,2022-04-16
6617-WLBQC,Billing,29.4,2022-07-12
4174-LPGTI,Billing,2.2,2022-10-22
6176-YJWAS,Billing,72.7,2022-10-03
2632-UCGVD,General,23.7,2022-03-14
9089-UOWJG,Billing,17.6,2022-02-12
5649-VUKMC,Billing,11.8,2022-07-13
4059-IIEBK,Technical,1.9,2022-05-09
8434-PNQZX,Billing,3.4,2022-11-07
2226-ICFDO,Technical,0.3,2022-04-18
7501-VTYLJ,General,159.4,2022-04-13
8468-EHYJA,Billing,37.0,2022-05-13
9820-RMCQV,Billing,38.3,2022-09-07
0201-MIBOL,Billing,31.4,2022-09-27
7142-HVGBG,General,15.9,2022-04-13
3863-QSTYI,Billing,2.2,2022-10-23
0929-HYQEW,Billing,1.8,2022-08-26
8128-YVJRG,General,59.6,2022-04-18
2055-SIFSS,Billing,0.0,2022-05-17
5095-AESKG,Technical,28.8,2022-10-25
1329-VHWNP,General,23.8,2022-10-16
6728-VOIFY,Billing,16.7,2022-01-25
8267-ZNYVZ,Billing,88.5,2022-04-28
1980-KXVPM,Billing,5.3,2022-08-18
9286-BHDQG,Technical,36.9,2022-11-30
0754-UKWQP,Billing,27.0,2022-09-13
3419-SNJJD,Technical,88.0,2022-01-09
1455-UGQVH,Billing,65.3,2022-04-29
1024-GUALD,Billing,3.3,2022-04-29
5244-IRFIH,Billing,8.8,2022-04-01
9239-ZBZZV,Billing,45.7,2022-06-21
0295-QVKPB,Billing,6.2,2022-07-30
3669-WHAFY,Billing,11.4,2022-11-10
5692-ICXLW,Technical,23.6,2022-04-26
7402-PWYJJ,Billing,19.9,2022-10-15
2592-HODOV,General,24.6,2022-01-22
4660-IRIBM,Billing,30.0,2022-12-15
7691-XVTZH,Billing,31.3,2022-02-24
5524-KHNJP,General,32.1,2022-04-18
3208-YPIOE,Billing,114.9,2022-03-18
2812-ENYMO,Technical,10.6,2022-03-02
4201-JMNGR,Billing,1.1,2022-05-02
5930-GBIWP,Billing,10.3,2022-04-02
1455-ESIQH,Technical,58.2,2022-11-19
9481-SFCQY,Billing,2.1,2022-08-10
1173-NOEYG,Technical,25.0,2022-05-10
2749-CTKAJ,Technical,13.2,2022-09-05
9269-CQOOL,Billing,61.1,2022-05-01
6078-VESFR,General,63.3,2022-07-20
0975-VOOVL,Billing,36.9,2022-06-10
3629-ZNKXA,Billing,2.5,2022-09-07
9530-GRMJG,General,0.6,2022-08-06
4194-WHFCB,Billing,3.5,2022-03-04
4353-HYOJD,General,9.3,2022-08-05
6434-TTGJP,Technical,6.6,2022-12-07
1183-CANVH,Technical,11.1,2022-03-05
7054-LGEQW,Technical,3.7,2022-07-31
5028-GZLDO,Billing,33.5,2022-04-30
1241-FPMOF,Technical,44.8,2022-03-10
1156-ZFYDO,General,16.1,2022-05-04
0943-ZQPXH,Billing,75.3,2022-05-25
1699-TLDLZ,Billing,3.1,2022-10-23
9357-UJRUN,Billing,2.7,2022-12-24
0048-LUMLS,Billing,5.4,2022-05-09
6143-JQKEA,Technical,96.3,2022-01-13
4998-IKFSE,Technical,12.9,2022-10-01
2982-VPSGI,Billing,61.9,2022-03-09
3156-QLHBO,Technical,5.4,2022-09-27
5016-LIPDW,Billing,44.9,2022-05-13
4770-QAZXN,Billing,8.9,2022-03-03
8661-BOYNW,General,31.8,2022-06-10
9134-WYRVP,Billing,88.0,2022-01-26
6258-PVZWJ,Billing,64.9,2022-09-04
6345-FZOQH,Billing,42.7,2022-07-08
3258-ZKPAI,Technical,1.2,2022-10-13
7110-BDTWG,Billing,22.5,2022-11-14
9136-ALYBR,General,43.3,2022-12-03
8259-DZLIZ,General,12.2,2022-08-08
1091-SOZGA,Technical,31.5,2022-11-22
1891-FZYSA,Billing,3.6,2022-09-06
3530-VWVGU,General,4.7,2022-04-01
4359-INNWN,General,24.8,2022-02-05
4703-MQYKT,Technical,13.8,2022-01-07
3162-KKZXO,Billing,5.9,2022-11-17
4962-CHQPW,Billing,8.0,2022-07-21
2233-FAGXV,Billing,23.2,2022-11-29
8226-BXGES,Billing,31.0,2022-02-10
5387-ASZNZ,Billing,5.6,2022-02-01
5018-GWURO,General,74.5,2022-05-22
8290-YWKHZ,Technical,0.2,2022-09-13
5156-UMKOW,Billing,28.9,2022-06-10
2155-AMQRX,Billing,8.3,2022-01-30
9308-ANMVE,Billing,15.6,2022-09-19
7596-LDUXP,Technical,20.2,2022-01-10
7771-CFQRQ,Billing,19.8,2022-07-22
0608-JDVEC,Billing,35.9,2022-12-25
1621-YNCJH,Billing,41.7,2022-10-03
9046-JBFWA,Technical,1.8,2022-12-11
2676-OXPPQ,Billing,29.1,2022-05-04
4647-XXZAM,Technical,12.2,2022-04-28
6770-XUAGN,General,41.0,2022-09-25
7054-DMVAS,Technical,22.5,2022-10-05
9588-OZDMQ,Billing,0.2,2022-03-17
4896-CPRPF,General,26.4,2022-01-14
3509-GWQGF,Billing,62.4,2022-04-16
1839-UMACK,Billing,2.1,2022-06-25
2519-FAKOD,General,16.4,2022-07-01
3417-TSCIC,General,23.6,2022-02-05
0980-FEXWF,Billing,5.2,2022-02-24
6770-UAYGJ,General,25.2,2022-09-27
5948-UJZLF,Billing,1.2,2022-01-02
0365-GXEZS,General,56.7,2022-09-13
8984-HPEMB,Billing,34.5,2022-01-02
7322-OCWHC,Billing,67.9,2022-03-02
1891-QRQSA,Billing,13.0,2022-12-29
5320-BRKGK,General,0.8,2022-04-17
8566-YPRGL,Technical,10.0,2022-05-14
5989-PGKJB,General,17.4,2022-01-23
5640-CAXOA,Technical,65.9,2022-03-14
3177-LASXD,Technical,51.5,2022-12-17
4822-RVYBB,Billing,21.6,2022-01-28
5393-RXQSZ,Billing,31.4,2022-01-25
0330-IVZHA,Billing,73.8,2022-12-21
4338-EYCER,Technical,45.6,2022-03-06
3605-JISKB,General,25.8,2022-07-13
9489-JMTTN,Billing,18.6,2022-07-26
1415-YFWLT,Technical,15.5,2022-10-26
8319-QBEHW,General,33.9,2022-02-09
8775-ERLNB,Billing,39.7,2022-01-23
6633-MPWBS,Technical,5.9,2022-06-26
9500-LTVBP,Billing,15.4,2022-09-21
2316-ESMLS,General,35.4,2022-05-08
6199-IPCAO,Billing,27.0,2022-09-20
4472-VESGY,Billing,21.5,2022-10-04
4198-VFOEA,Billing,9.4,2022-02-04
0471-LVHGK,General,22.6,2022-04-11
6969-MVBAI,Billing,22.7,2022-08-13
8905-IAZPF,Technical,13.6,2022-08-17
1063-DHQJF,Technical,77.4,2022-04-09
2273-QCKXA,Billing,25.4,2022-03-23
2877-VDUER,Billing,45.6,2022-11-13
6927-WTFIV,Billing,3.3,2022-11-26
0068-FIGTF,Billing,33.9,2022-07-15
4111-BNXIF,General,22.1,2022-12-31
2514-GINMM,Technical,8.8,2022-03-09
9734-YWGEX,General,3.5,2022-09-30
0214-JHPFW,Billing,11.5,2022-10-26
8840-DQLGN,Billing,14.0,2022-12-25
0390-DCFDQ,Billing,3.6,2022-12-10
1942-OQFRW,Billing,26.6,2022-12-25
6849-WLEYG,Technical,8.8,2022-05-21
8445-DNBAE,Technical,39.4,2022-07-04
2761-XECQW,Billing,25.1,2022-06-03
5206-XZZQI,General,8.9,2022-07-08
6917-YACBP,Billing,10.7,2022-03-03
5027-XWQHA,General,68.4,2022-01-19
4361-JEIVL,Billing,71.0,2022-03-22
2732-ISEZX,General,13.0,2022-01-30
6652-YFFJO,General,27.3,2022-05-07
0813-TAXXS,Billing,93.9,2022-08-06
4188-FRABG,Technical,123.0,2022-01-13
4859-ZSRDZ,General,1.8,2022-06-26
9500-IWPXQ,Billing,19.4,2022-12-04
7593-XFKDI,Billing,31.1,2022-05-01
2867-UIMSS,General,5.0,2022-06-28
8313-AFGBW,Technical,41.4,2022-04-21
2320-YKQBO,Technical,15.2,2022-01-09
4903-CNOZC,Billing,16.5,2022-08-10
7145-FEJWU,Billing,7.7,2022-10-12
9057-MSWCO,Technical,8.6,2022-12-15
7041-TXQJH,Billing,2.1,2022-04-20
7243-LCGGZ,General,64.3,2022-05-16
6804-GDMOI,Technical,11.5,2022-04-18
4785-NKHCX,General,4.2,2022-12-03
0719-SYFRB,Billing,3.7,2022-07-23
7718-RXDGG,Billing,12.6,2022-01-15
7191-ADRGF,Billing,24.0,2022-06-11
6341-JVQGF,Billing,36.1,2022-07-14
2209-XADXF,Technical,62.0,2022-09-18
8194-PEEBY,Technical,24.2,2022-12-20
5281-BUZGT,Billing,13.1,2022-01-09
0916-KNFAJ,Billing,13.2,2022-08-04
6615-ZGEDR,Billing,20.5,2022-09-18
5016-ETTFF,Billing,18.5,2022-04-23
5383-MMTWC,Technical,24.6,2022-04-27
7061-OVMIM,Billing,16.8,2022-12-06
9755-JHNMN,General,1.5,2022-02-16
4451-RWASJ,Technical,16.7,2022-11-14
2091-GPPIQ,General,0.5,2022-10-28
5087-SUURX,Billing,4.8,2022-11-18
1084-MNSMJ,General,11.8,2022-10-06
8559-WNQZS,Technical,19.2,2022-04-08
9170-ARBTB,Billing,4.9,2022-04-03
6292-TOSSS,Billing,7.8,2022-10-26
3034-ZBEQN,General,11.2,2022-09-09
5057-RKGLH,Billing,5.3,2022-06-12
8780-IHCRN,Billing,160.7,2022-06-07
3413-BMNZE,Billing,39.2,2022-03-08
2305-MRGLV,Billing,40.0,2022-05-18
3410-YOQBQ,Billing,20.2,2022-11-08
0956-SYCWG,Technical,78.1,2022-10-17
3079-BCHLN,Technical,31.6,2022-03-06
2956-GGUCQ,Technical,9.6,2022-09-19
4957-TREIR,Billing,22.6,2022-07-17
9909-IDLEK,Billing,18.8,2022-06-20
7410-YTJIK,Billing,20.8,2022-01-16
5077-DXTCG,Technical,40.9,2022-07-10
1561-BWHIN,Billing,17.1,2022-01-25
7537-RBWEA,Technical,31.3,2022-09-07
3745-HRPHI,Billing,6.9,2022-01-27
8713-IGZSO,Technical,64.5,2022-06-19
1602-IJQQE,Technical,2.2,2022-04-27
2858-MOFSQ,Billing,121.2,2022-02-24
5730-DBDSI,Technical,24.0,2022-12-29
1395-WSWXR,Billing,15.2,2022-01-26
0375-HVGXO,Technical,8.9,2022-09-29
1866-NXPSP,General,12.5,2022-12-31
5049-GLYVG,Billing,36.6,2022-04-18
4458-KVRBJ,Technical,3.6,2022-03-31
1265-BCFEO,Billing,7.0,2022-12-23
9770-KXGQU,Billing,3.2,2022-05-02
7979-CORPM,Billing,13.4,2022-12-11
9943-VSZUV,Billing,11.8,2022-08-31
5168-MQQCA,Billing,25.1,2022-09-26
8573-CGOCC,Technical,130.9,2022-09-09
9360-OMDZZ,Technical,53.5,2022-03-16
9770-KXGQU,Technical,51.0,2022-04-22
6194-HBGQN,Technical,24.9,2022-05-31
6897-RWMUB,Technical,7.6,2022-09-27
3696-XRIEN,Billing,11.6,2022-04-08
8229-MYEJZ,Billing,6.9,2022-12-26
4554-YGZIH,General,3.5,2022-09-12
7717-BICXI,Billing,13.7,2022-06-17
4369-NYSCF,Billing,54.7,2022-09-07
6248-BSHKG,Billing,32.7,2022-11-16
0089-IIQKO,Billing,100.5,2022-09-03
1143-NMNQJ,General,5.2,2022-08-01
0661-KQHNK,Technical,16.7,2022-10-03
0410-IPFTY,Billing,37.8,2022-11-30
7649-PHJVR,General,14.8,2022-10-07
3352-ALMCK,Technical,10.5,2022-02-15
7266-GSSJX,Technical,40.6,2022-01-18
4903-CNOZC,Billing,13.5,2022-09-03
8731-WBBMB,Billing,58.6,2022-12-16
4947-DSMXK,Billing,7.5,2022-08-08
9945-PSVIP,Technical,54.4,2022-06-25
5955-ERIHD,Billing,7.8,2022-08-22
8184-WMOFI,Technical,8.2,2022-05-29
3039-MJSLN,Billing,13.1,2022-04-08
5473-KHBPS,Billing,17.4,2022-01-05
1346-PJWTK,General,13.0,2022-06-08
4625-XMOYM,Billing,47.6,2022-03-28
1965-AKTSX,Billing,38.1,2022-08-19
1852-QSWCD,General,8.9,2022-04-30
4568-TTZRT,Billing,17.2,2022-06-21
6733-LRIZX,Billing,13.5,2022-03-05
2821-WARNZ,Billing,1.4,2022-04-04
2181-UAESM,Technical,33.1,2022-06-19
4589-IUAJB,Billing,4.8,2022-08-23
4366-CTOUZ,General,65.3,2022-05-01
0080-EMYVY,Billing,12.2,2022-04-10
8404-GFGCZ,Billing,23.4,2022-05-15
1755-FZQEC,Billing,40.9,2022-11-11
3878-AVSOQ,Billing,4.8,2022-03-10
7240-ETPTR,Billing,18.7,2022-07-17
4597-ELFTS,General,6.5,2022-11-01
2674-MIAHT,Billing,17.1,2022-07-25
4016-BJKTZ,Billing,20.8,2022-01-11
9408-SSNVZ,General,4.4,2022-12-23
7101-HRBLJ,Billing,20.9,2022-05-10
5985-TBABQ,Billing,14.6,2022-08-11
3672-YITQD,Billing,17.7,2022-04-20
0866-QLSIR,Billing,56.5,2022-01-27
7785-RDVIG,Billing,15.9,2022-11-16
2969-QWUBZ,Billing,15.5,2022-07-13
0322-CHQRU,Billing,15.3,2022-12-12
4529-CKBCL,Billing,23.4,2022-01-16
8748-HFWBO,Billing,11.0,2022-03-14
9948-YPTDG,Technical,38.8,2022-04-26
6300-BWMJX,Technical,8.1,2022-07-20
5681-LLOEI,Technical,8.5,2022-05-13
2754-SDJRD,Billing,21.3,2022-06-13
2868-MZAGQ,Billing,7.2,2022-01-07
8034-RYTVV,Technical,2.3,2022-03-02
2773-MADBQ,Technical,5.5,2022-12-18
9089-UOWJG,Technical,58.8,2022-04-30
2368-GAKKQ,Billing,0.3,2022-01-31
9779-DPNEJ,Billing,3.4,2022-02-17
1469-LBJQJ,General,34.1,2022-04-01
4676-WLUHT,General,93.7,2022-01-06
5127-BZENZ,Billing,28.0,2022-10-12
2868-MZAGQ,General,61.3,2022-03-25
9473-CBZOP,Billing,46.4,2022-05-19
7047-FWEYA,General,15.7,2022-10-02
0942-KOWSM,Billing,9.7,2022-11-26
2931-SVLTV,Technical,24.0,2022-05-13
0305-SQECB,Technical,18.3,2022-04-13
4831-EOBFE,Billing,0.6,2022-11-22
8092-NLTGF,Billing,75.7,2022-04-05
7644-OMVMY,Billing,20.3,2022-01-18
2324-AALNO,Billing,49.8,2022-01-21
4223-BKEOR,Technical,31.8,2022-01-06
1830-GGFNM,Billing,10.0,2022-01-24
8778-LMWTJ,Billing,55.5,2022-08-13
0781-LKXBR,Technical,37.5,2022-03-01
8676-OOQEJ,Billing,13.5,2022-10-11
3913-FCUUW,Billing,44.1,2022-08-08
3349-ANQNH,Technical,7.6,2022-11-26
3021-VLNRJ,Technical,26.7,2022-10-06
8048-DSDFQ,Billing,2.9,2022-12-01
8647-SDTWQ,Billing,48.2,2022-02-15
7234-KMNRQ,Technical,31.4,2022-10-20
1731-TVIUK,Billing,4.0,2022-05-22
8378-LKJAF,General,0.5,2022-10-31
4549-ZDQYY,General,11.9,2022-03-19
0396-HUJBP,Billing,27.0,2022-07-18
7340-KEFQE,General,8.0,2022-04-25
7993-NQLJE,Billing,86.9,2022-02-05
9933-QRGTX,Billing,65.5,2022-03-01
6586-PSJOX,Billing,21.9,2022-09-02
0420-BWTPW,Billing,9.1,2022-03-20
0679-TDGAK,General,54.4,2022-07-10
5233-AOZUF,Technical,39.0,2022-04-07
3423-HHXAO,Billing,2.2,2022-10-31
4873-ILOLJ,Billing,15.5,2022-05-30
6925-BAYGL,General,95.4,2022-02-12
1024-GUALD,Billing,14.5,2022-10-24
0993-OSGPT,Billing,64.8,2022-11-15
7410-KTVFV,Billing,90.8,2022-08-06
0916-QOFDP,General,11.8,2022-07-26
8012-SOUDQ,Billing,80.2,2022-05-26
1282-IHQAC,Billing,3.6,2022-11-24
4925-LMHOK,Technical,4.2,2022-09-16
5889-LFOLL,Technical,7.8,2022-02-23
4940-KHCWD,Billing,15.1,2022-04-29
0292-WEGCH,Technical,4.8,2022-08-31
6234-RAAPL,Billing,10.0,2022-05-22
4484-GLZOU,Technical,2.6,2022-10-17
2642-DTVCO,Technical,13.5,2022-05-07
1833-TCXKK,Technical,42.2,2022-08-13
4558-FANTW,Technical,21.7,2022-08-17
4086-WITJG,Billing,39.9,2022-08-29
0011-IGKFF,General,3.5,2022-09-14
2609-IAICY,Technical,12.2,2022-09-02
0048-LUMLS,Billing,1.0,2022-06-25
3067-SVMTC,Billing,11.1,2022-12-21
2519-TWKFS,Technical,22.9,2022-01-10
0137-OCGAB,Technical,20.2,2022-03-24
4701-MLJPN,Billing,1.5,2022-05-19
7130-CTCUS,General,1.5,2022-04-29
0847-HGRML,Billing,8.7,2022-05-07
5456-ITGIC,Technical,35.4,2022-04-09
8062-YBDOE,Technical,0.5,2022-03-07
4123-FCVCB,General,23.0,2022-09-16
1641-RQDAY,Billing,4.9,2022-05-23
5909-ECHUI,Technical,69.3,2022-02-28
4009-ALQFH,Billing,13.5,2022-09-01
4128-ETESU,Billing,1.2,2022-12-27
2519-TWKFS,General,30.0,2022-07-11
5849-ASHZJ,Technical,15.9,2022-12-14
3580-REOAC,Technical,51.1,2022-05-10
3597-YASZG,General,25.3,2022-06-07
9154-QDGTH,Technical,28.3,2022-06-15
1209-VFFOC,Technical,35.0,2022-09-18
2039-JONDJ,Billing,13.1,2022-05-13
6872-HXFNF,Technical,37.7,2022-01-12
0807-ZABDG,Technical,1.2,2022-05-12
2720-FVBQP,Technical,34.8,2022-06-02
5405-ZMYXQ,Technical,24.3,2022-10-09
0011-IGKFF,Technical,20.1,2022-02-24
9500-LTVBP,General,9.2,2022-09-13
7181-BQYBV,Technical,2.9,2022-05-06
7932-WPTDS,Billing,25.0,2022-02-15
2391-IPLOP,Billing,15.3,2022-06-23
0581-BXBUB,Technical,5.9,2022-10-26
0123-CRBRT,Billing,1.1,2022-01-21
0003-MKNFE,General,18.6,2022-09-12
2181-TIDSV,Billing,3.2,2022-06-14
6599-GZWCM,Technical,63.6,2022-09-25
3217-FZDMN,General,3.9,2022-04-11
4190-MFLUW,Technical,0.8,2022-05-29
1552-CZCLL,Technical,7.3,2022-05-21
4806-KEXQR,General,4.6,2022-02-02
1898-JSNDC,Technical,37.6,2022-08-24
6261-RCVNS,General,8.2,2022-07-17
6870-ECSHE,Technical,6.8,2022-08-23
0016-QLJIS,Technical,126.3,2022-11-28
0970-ETWGE,Technical,3.9,2022-04-30
5193-QLVZB,Billing,2.1,2022-06-07
1049-FYSYG,General,8.8,2022-02-06
6754-WKSHP,General,12.5,2022-12-04
6275-YDUVO,Technical,34.3,2022-05-24
7508-MYBOG,Billing,74.7,2022-02-14
8612-GXIDD,Billing,34.6,2022-07-18
3988-RQIXO,Billing,31.1,2022-08-26
1356-MKYSK,Billing,114.3,2022-05-09
6849-WLEYG,Billing,34.8,2022-06-30
9944-HKVVB,General,3.6,2022-01-28
2186-QZEYA,General,14.9,2022-10-27
3243-ZHOHY,Billing,16.8,2022-03-08
0133-BMFZO,Technical,8.7,2022-08-30
2883-ILGWO,Technical,4.3,2022-12-29
2792-VPPET,Billing,29.9,2022-09-01
4462-CYWMH,General,7.8,2022-06-16
1980-KXVPM,Billing,23.5,2022-09-23
6296-DDOOR,General,9.3,2022-02-20
7601-GNDYK,Technical,16.9,2022-04-19
1915-IOFGU,Technical,9.9,2022-12-01
0577-WHMEV,General,12.7,2022-05-14
1545-ACTAS,Billing,31.6,2022-06-16
2292-XQWSV,General,51.7,2022-03-21
6013-BHCAW,Technical,17.1,2022-12-04
4881-GQJTW,General,22.6,2022-04-09
7813-TKCVO,Technical,48.0,2022-06-02
5791-KAJFD,Billing,3.7,2022-10-16
3824-RHKVR,Technical,4.2,2022-03-24
0519-DRGTI,Technical,10.7,2022-04-12
5146-CBVOE,General,8.9,2022-11-27
8325-QRPZR,General,103.1,2022-08-19
5115-GZDEL,Technical,19.9,2022-09-09
2428-ZMCTB,General,17.8,2022-12-24
5726-CVNYA,Billing,20.7,2022-11-17
4716-MRVEN,Billing,49.9,2022-01-25
1485-YDHMM,Technical,6.7,2022-02-26
6248-BSHKG,Technical,17.2,2022-10-29
1088-CNNKB,Billing,7.6,2022-04-10
8869-TORSS,Technical,36.4,2022-04-29
3144-KMTWZ,Technical,36.0,2022-05-31
3871-IKPYH,Billing,75.8,2022-03-21
7055-VKGDA,Technical,14.2,2022-11-27
6029-CSMJE,Billing,4.1,2022-05-30
5917-RYRMG,Billing,54.4,2022-12-25
6253-WRFHY,General,53.1,2022-05-06
7929-DMBCV,Billing,6.4,2022-10-16
0295-PPHDO,Billing,7.8,2022-02-10
4910-GMJOT,Technical,9.0,2022-07-09
1215-EXRMO,General,14.4,2022-03-04
0559-CKHUS,Technical,42.4,2022-07-24
2675-DHUTR,Billing,3.7,2022-12-07
5453-YBTWV,General,28.9,2022-07-23
1591-MQJTP,Billing,10.4,2022-06-28
2452-SNHFZ,Billing,5.2,2022-12-12
0848-ZGQIJ,Billing,9.9,2022-11-17
8901-UPRHR,General,18.3,2022-04-15
7721-DVEKZ,Technical,61.0,2022-11-09
4188-FRABG,General,23.8,2022-03-27
7449-HVPIV,Billing,22.4,2022-11-24
7762-URZQH,Technical,2.8,2022-09-08
7675-OZCZG,Billing,2.0,2022-12-04
3806-YAZOV,Technical,3.3,2022-01-04
1991-VOPLL,General,2.4,2022-11-17
6542-LWGXJ,Billing,20.6,2022-07-03
3645-DEYGF,Billing,14.5,2022-06-30
9308-ANMVE,Technical,0.1,2022-10-27
3423-HHXAO,Billing,10.4,2022-01-16
3016-KSVCP,Billing,3.3,2022-04-04
0619-OLYUR,Billing,106.4,2022-10-06
0071-NDAFP,General,14.8,2022-06-05
0282-NVSJS,Billing,13.3,2022-12-23
5032-USPKF,General,24.8,2022-01-16
2424-WVHPL,Technical,10.6,2022-02-10
8450-LUGUK,Billing,30.2,2022-05-17
7206-PQBBZ,Billing,56.4,2022-09-15
9306-CPCBC,General,16.6,2022-02-12
3948-XHGNA,Technical,11.6,2022-03-07
2465-BLLEU,Billing,17.7,2022-12-18
8063-RJYNF,Billing,22.2,2022-07-27
5453-YBTWV,Billing,45.2,2022-09-02
0795-LAFGP,Technical,12.0,2022-08-31
5743-KHMNA,Technical,1.3,2022-03-18
9919-FZDED,Technical,23.9,2022-08-07
7579-OOPEC,General,104.0,2022-08-11
2402-TAIRZ,Billing,46.2,2022-12-19
0691-IFBQW,Billing,34.1,2022-01-21
7096-ZNBZI,Technical,4.7,2022-05-27
2466-FCCPT,Technical,33.1,2022-11-09
9894-QMIMJ,General,2.0,2022-03-18
3677-TNKIO,Technical,16.3,2022-11-12
4958-XCBDQ,Billing,11.1,2022-12-21
2933-XEUJM,Billing,56.6,2022-02-04
4821-WQOYN,Billing,4.2,2022-05-06
5688-KZTSN,Technical,37.3,2022-11-19
1591-NFNLQ,Technical,1.2,2022-08-20
8098-LLAZX,Technical,29.0,2022-03-28
9796-MVYXX,Billing,8.3,2022-10-31
2568-OIADY,General,89.4,2022-07-07
3472-OAOOR,Billing,26.7,2022-02-14
3481-JHUZH,Billing,8.9,2022-11-27
9659-ZTWSM,Billing,6.4,2022-11-20
3956-MGXOG,Technical,24.5,2022-12-14
0601-WZHJF,Technical,7.6,2022-03-13
1215-FIGMP,Billing,5.0,2022-08-04
2207-NHRJK,Technical,25.0,2022-04-08
5844-QVTAT,Billing,30.9,2022-09-28
1371-DWPAZ,Billing,6.5,2022-04-01
8838-GPHZP,Technical,18.4,2022-05-22
3640-PHQXK,Billing,26.1,2022-04-27
7808-DVWEP,Billing,68.3,2022-01-02
0036-IHMOT,Billing,39.0,2022-02-12
7139-JZFVG,Billing,13.1,2022-03-12
5038-ETMLM,General,44.7,2022-05-24
0708-SJDIS,General,14.0,2022-12-08
0604-THJFP,General,3.3,2022-09-03
9470-YFUYI,Billing,10.0,2022-10-11
0612-RTZZA,General,39.2,2022-11-23
7786-WBJYI,Technical,74.9,2022-08-02
9964-WBQDJ,General,98.6,2022-04-17
0229-LFJAF,General,24.5,2022-09-20
9919-FZDED,Technical,15.6,2022-10-21
1218-VKFPE,Billing,4.2,2022-06-25
3546-GHEAE,Technical,2.6,2022-04-17
5160-UXJED,Billing,17.5,2022-03-27
7579-KKLOE,Billing,31.2,2022-08-15
0655-RBDUG,Billing,9.4,2022-03-23
5349-AZPEW,Technical,27.0,2022-11-25
4043-MKDTV,Billing,20.3,2022-08-29
7048-GXDAY,General,67.8,2022-01-02
1704-NRWYE,Billing,5.6,2022-09-08
5868-YWPDW,Technical,21.5,2022-02-11
5832-EXGTT,Billing,12.8,2022-03-22
4302-ZYFEL,General,7.3,2022-09-19
9992-UJOEL,Technical,10.6,2022-07-16
3316-UWXUY,Billing,8.4,2022-09-05
2188-SXWVT,Technical,18.0,2022-11-26
3261-CQXOL,Billing,19.6,2022-10-23
6522-OIQSX,Technical,48.2,2022-02-05
2674-MLXMN,Billing,36.5,2022-04-13
1136-XGEQU,Billing,8.6,2022-10-30
1338-CECEE,Technical,64.3,2022-04-08
9702-AIUJO,Billing,48.7,2022-05-25
2254-DLXRI,Technical,23.6,2022-10-09
0975-VOOVL,Technical,0.5,2022-05-07
8879-ZKJOF,Technical,5.6,2022-10-31
6034-YMTOB,General,37.4,2022-10-10
3230-IUALN,Technical,14.5,2022-10-29
4597-NUCQV,Billing,3.2,2022-03-08
0078-XZMHT,General,12.6,2022-05-27
0265-EDXBD,General,5.7,2022-11-24
4795-KTRTH,Technical,53.5,2022-03-22
2799-ARNLO,General,52.8,2022-09-10
3982-DQLUS,General,11.7,2022-08-30
9958-MEKUC,Billing,3.5,2022-03-06
7248-VZQLC,Billing,10.7,2022-03-12
1716-LSAMB,Billing,3.3,2022-02-05
6240-EURKS,General,8.7,2022-03-08
0853-NWIFK,Billing,35.4,2022-03-24
6349-JDHQP,Technical,8.3,2022-06-19
3096-WPXBT,General,18.9,2022-03-08
3413-BMNZE,General,3.0,2022-04-08
4139-DETXS,Technical,10.3,2022-11-21
9833-TGFHX,Billing,1.0,2022-10-20
8132-YPVBX,Billing,19.1,2022-09-07
2027-OAQQC,General,10.3,2022-10-29
0111-KLBQG,General,49.3,2022-07-27
6982-UQZLY,General,12.0,2022-11-08
7486-KSRVI,General,19.6,2022-03-04
6810-VCAEX,Billing,90.2,2022-03-19
5956-YHHRX,Technical,24.7,2022-01-30
1757-TCATG,Billing,16.7,2022-12-18
2330-PQGDQ,Technical,2.5,2022-09-08
3466-RITXD,Billing,41.3,2022-11-15
4521-WFJAI,Billing,24.7,2022-04-25
5396-IZEPB,General,2.8,2022-12-31
2251-PYLPB,Technical,6.8,2022-11-28
7850-VWJUU,General,18.5,2022-08-07
1400-WIVLL,Technical,1.1,2022-06-03
6646-QVXLR,Billing,30.4,2022-08-09
2436-QBZFP,Technical,6.2,2022-01-23
2277-BKJKN,General,16.1,2022-08-02
9621-OUPYD,Technical,6.6,2022-05-28
9629-NHXFW,General,16.1,2022-12-24
6368-TZZDT,Billing,5.0,2022-10-29
3249-VHRIP,Billing,21.6,2022-07-27
9076-AXYIK,General,57.9,2022-06-08
9842-EFSYY,Billing,39.5,2022-11-03
7718-RXDGG,Technical,6.6,2022-06-16
0604-THJFP,Billing,16.5,2022-03-04
3556-BVQGL,Technical,13.2,2022-11-21
8201-AAXCB,Billing,80.8,2022-10-03
2080-CAZNM,Technical,38.5,2022-01-23
6691-CCIHA,General,2.7,2022-08-12
5945-AZYHT,Billing,4.4,2022-07-20
6933-VLYFX,Billing,29.1,2022-10-10
4873-ILOLJ,Billing,4.2,2022-12-13
9172-ANCRX,Billing,72.1,2022-12-02
1956-YIFGE,Billing,118.9,2022-08-03
1488-SYSFC,Technical,36.2,2022-09-22
3863-IUBJR,Billing,0.7,2022-08-17
5188-HGMLP,Billing,15.8,2022-08-15
8540-ZQGEA,Technical,12.5,2022-11-23
6685-GBWJZ,General,38.6,2022-12-01
8040-MNRTF,Billing,8.1,2022-10-04
2314-TNDJQ,Technical,11.7,2022-08-18
6029-CSMJE,Technical,2.4,2022-12-22
3473-XIIIT,Billing,10.1,2022-08-03
9571-EDEBV,Technical,87.5,2022-06-06
8668-KNZTI,Technical,68.4,2022-01-13
6161-UUUTA,Technical,33.3,2022-07-16
9526-JAWYF,Billing,57.1,2022-04-21
0708-LGSMF,General,5.7,2022-04-13
5909-ECHUI,Billing,23.3,2022-04-13
3118-UHVVQ,Billing,16.6,2022-06-19
3094-JOJAI,Technical,13.2,2022-04-19
3990-QYKBE,Billing,9.4,2022-05-06
7162-WPHPM,Billing,48.3,2022-08-23
6987-XQSJT,Technical,15.9,2022-05-28
0536-BGFMZ,Technical,30.9,2022-06-20
6211-WWLTF,Billing,29.4,2022-01-01
5947-SGKCL,Technical,3.5,2022-02-09
5468-BPMMO,General,1.2,2022-08-25
5293-WXJAK,General,44.0,2022-01-07
6281-FKEWS,Billing,16.2,2022-06-12
4369-HTUIF,Technical,39.9,2022-10-17
9495-REDIY,Billing,8.5,2022-11-21
7298-IZWLY,General,47.5,2022-06-06
5652-MSDEY,General,42.6,2022-04-24
5574-NXZIU,Billing,11.5,2022-04-22
0929-PECLO,Technical,12.7,2022-09-14
6901-GOGZG,General,10.4,2022-03-14
4623-ZKHLY,Technical,0.9,2022-07-12
3200-MNQTF,Technical,27.9,2022-09-30
4002-BQWPQ,General,7.6,2022-08-12
5828-AVIPD,General,51.7,2022-12-27
3097-NNSPB,Technical,54.6,2022-04-04
8695-WDYEA,General,30.8,2022-07-26
1064-FBXNK,Technical,4.8,2022-06-19
1964-SVLEA,Billing,2.2,2022-06-05
2162-FRZAA,Technical,40.7,2022-09-01
8707-HOEDG,Billing,53.7,2022-01-03
8861-HGGKB,Billing,10.4,2022-08-08
3970-XGJDU,General,10.4,2022-01-05
7480-SPLEF,General,11.9,2022-07-13
4430-UZIPO,General,42.2,2022-02-23
5712-VBOXD,Billing,29.5,2022-10-27
7924-GJZFI,Billing,3.1,2022-07-28
2378-YIZKA,General,24.2,2022-03-17
8532-UEFWH,General,0.2,2022-08-06
3131-NWVFJ,General,29.7,2022-04-28
